Actual,Predicted
663,397.0246
242,536.3556
32,377.95212
24,371.45996
919,238.4372
176,560.7471
884,351.49304
872,362.39273
996,378.19962
802,393.34943
620,501.33337
327,325.23294
375,196.68686
616,249.6906
320,445.73077
871,258.7475
241,441.7222
359,439.73627
336,321.1731
168,467.4563
